City,Rate,County
Acampo,7.75%,San Joaquin
Acton,9.50%,Los Angeles
Adelaida,7.25%,San Luis Obispo
Adelanto,7.75%,San Bernardino
Adin,7.25%,Modoc
Agoura,9.50%,Los Angeles
Agoura Hills,9.50%,Los Angeles
Agua Caliente,8.50%,Sonoma
Agua Caliente Springs,7.75%,San Diego
Agua Dulce,9.50%,Los Angeles
Aguanga,7.75%,Riverside
Ahwahnee,7.75%,Madera
Al Tahoe,8.75%,El Dorado
Alameda,10.75%,Alameda
Alamo,8.75%,Contra Costa
Albany,10.75%,Alameda
Alberhill (Lake Elsinore),8.75%,Riverside
Albion,7.88%,Mendocino
Alderpoint,7.75%,Humboldt
Alhambra,10.25%,Los Angeles
Aliso Viejo,7.75%,Orange
Alleghany,7.25%,Sierra
Almaden Valley,9.13%,Santa Clara
Almanor,7.25%,Plumas
Almondale,9.50%,Los Angeles
Alondra,9.50%,Los Angeles
Alpaugh,7.75%,Tulare
Alpine,7.75%,San Diego
Alta,7.25%,Placer
Alta Loma (Rancho Cucamonga),7.75%,San Bernardino
Altadena,9.50%,Los Angeles
Altaville,7.25%,Calaveras
Alton,7.75%,Humboldt
Alturas,7.25%,Modoc
Alviso (San Jose),9.38%,Santa Clara
Amador City,7.75%,Amador
Amargosa (Death Valley),7.75%,Inyo
Amboy,7.75%,San Bernardino
American Canyon,7.75%,Napa
Anaheim,7.75%,Orange
Anderson,7.75%,Shasta
Angels Camp,7.75%,Calaveras
Angelus Oaks,7.75%,San Bernardino
Angwin,7.75%,Napa
Annapolis,8.50%,Sonoma
Antelope,7.75%,Sacramento
Antelope Acres,9.50%,Los Angeles
Antioch,9.75%,Contra Costa
Anza,7.75%,Riverside
Apple Valley,7.75%,San Bernardino
Applegate,7.25%,Placer
Aptos,9.00%,Santa Cruz
Arbuckle,7.75%,Colusa
Arcadia,10.25%,Los Angeles
Arcata,8.50%,Humboldt
Argus,7.75%,San Bernardino
Arleta (Los Angeles),9.50%,Los Angeles
Arlington (Riverside),8.75%,Riverside
Armona,7.25%,Kings
Army Terminal,10.25%,Alameda
Arnold,7.25%,Calaveras
Aromas,7.75%,Monterey
Aromas,8.25%,San Benito
Arrowbear Lake,7.75%,San Bernardino
Arrowhead Highlands,7.75%,San Bernardino
Arroyo Grande,7.75%,San Luis Obispo
Artesia,9.50%,Los Angeles
Artois,7.25%,Glenn
Arvin,8.25%,Kern
Ashland,10.25%,Alameda
Asti,8.50%,Sonoma
Atascadero,8.75%,San Luis Obispo
Athens,9.50%,Los Angeles
Atherton,9.38%,San Mateo
Atwater,8.75%,Merced
Atwood,7.75%,Orange
Auberry,7.98%,Fresno
Auburn,7.25%,Placer
Avalon,10.00%,Los Angeles
Avenal,8.25%,Kings
Avery,7.25%,Calaveras
Avila Beach,7.25%,San Luis Obispo
Azusa,10.25%,Los Angeles
Badger,7.75%,Tulare
Bailey,9.50%,Los Angeles
Baker,7.75%,San Bernardino
Bakersfield,8.25%,Kern
Balboa (Newport Beach),7.75%,Orange
Balboa Island (Newport Beach),7.75%,Orange
Balboa Park (San Diego),7.75%,San Diego
Baldwin Park,10.25%,Los Angeles
Ballard,7.75%,Santa Barbara
Ballico,7.75%,Merced
Ballroad,7.75%,Orange
Bangor,7.25%,Butte
Banning,7.75%,Riverside
Banta,7.75%,San Joaquin
Bard,7.75%,Imperial
Barrington,9.50%,Los Angeles
Barstow,8.75%,San Bernardino
Bartlett,7.75%,Inyo
Barton,7.98%,Fresno
Base Line,7.75%,San Bernardino
Bass Lake,7.75%,Madera
Bassett,9.50%,Los Angeles
Baxter,7.25%,Placer
Bay Point,8.75%,Contra Costa
Bayside,7.75%,Humboldt
Baywood Park,7.25%,San Luis Obispo
Beale A.F.B.,8.25%,Yuba
Bear River Lake,7.75%,Amador
Bear Valley,7.25%,Alpine
Bear Valley,8.75%,Mariposa
Beaumont,7.75%,Riverside
Beckwourth,7.25%,Plumas
Bel Air Estates (Los Angeles),9.50%,Los Angeles
Belden,7.25%,Plumas
Bell Gardens,10.25%,Los Angeles
Bell,9.50%,Los Angeles
Bella Vista,7.25%,Shasta
Bellflower,10.25%,Los Angeles
Belmont,9.88%,San Mateo
Belvedere,8.25%,Marin
Ben Lomond,9.00%,Santa Cruz
Benicia,8.38%,Solano
Benton,7.25%,Mono
Berkeley,10.25%,Alameda
Bermuda Dunes,7.75%,Riverside
Berry Creek,7.25%,Butte
Bethel Island,8.75%,Contra Costa
Betteravia,7.75%,Santa Barbara
Beverly Hills,9.50%,Los Angeles
Bieber,7.25%,Lassen
Big Bar,7.25%,Trinity
Big Basin,9.00%,Santa Cruz
Big Bear City,7.75%,San Bernardino
Big Bear Lake,7.75%,San Bernardino
Big Bend,7.25%,Shasta
Big Creek,7.98%,Fresno
Big Oak Flat,7.25%,Tuolumne
Big Pine,7.75%,Inyo
Big River,7.75%,San Bernardino
Big Sur,7.75%,Monterey
Biggs,7.25%,Butte
Bijou,8.75%,El Dorado
Biola,7.98%,Fresno
Biola College (La Mirada),9.50%,Los Angeles
Birds Landing,7.38%,Solano
Bishop,8.75%,Inyo
Black Hawk,8.75%,Contra Costa
Blairsden,7.25%,Plumas
Blocksburg,7.75%,Humboldt
Bloomington,7.75%,San Bernardino
Blossom Hill,9.13%,Santa Clara
Blossom Valley,9.13%,Santa Clara
Blue Jay,7.75%,San Bernardino
Blue Lake,8.75%,Humboldt
Blythe,8.75%,Riverside
Bodega,8.50%,Sonoma
Bodega Bay,8.50%,Sonoma
Bodfish,8.25%,Kern
Bolinas,8.25%,Marin
Bolsa,7.75%,Orange
Bombay Beach,7.75%,Imperial
Bonita,7.75%,San Diego
Bonny Doon,9.00%,Santa Cruz
Bonsall,7.75%,San Diego
Boonville,7.88%,Mendocino
Boron,8.25%,Kern
Borrego Springs,7.75%,San Diego
Bostonia,7.75%,San Diego
Boulder Creek,9.00%,Santa Cruz
Boulevard,7.75%,San Diego
Bouquet Canyon (Santa Clarita),9.50%,Los Angeles
Bowman,7.25%,Placer
Boyes Hot Springs,8.50%,Sonoma
Bradbury,9.50%,Los Angeles
Bradford,10.25%,Alameda
Bradley,7.75%,Monterey
Branscomb,7.88%,Mendocino
Brawley,7.75%,Imperial
Brea,7.75%,Orange
Brents Junction,9.50%,Los Angeles
Brentwood (Los Angeles),9.50%,Los Angeles
Brentwood,8.75%,Contra Costa
Briceland,7.75%,Humboldt
Bridgeport,8.75%,Mariposa
Bridgeport,7.25%,Mono
Bridgeville,7.75%,Humboldt
Brisbane,9.88%,San Mateo
Broderick (West Sacramento),8.25%,Yolo
Brookdale,9.00%,Santa Cruz
Brookhurst Center,7.75%,Orange
Brooks,7.25%,Yolo
Browns Valley,8.25%,Yuba
Brownsville,8.25%,Yuba
Bryn Mawr,7.75%,San Bernardino
Bryte (West Sacramento),8.25%,Yolo
Buellton,7.75%,Santa Barbara
Buena Park,7.75%,Orange
Burbank,10.25%,Los Angeles
Burlingame,9.63%,San Mateo
Burney,7.25%,Shasta
Burnt Ranch,7.25%,Trinity
Burrel,7.98%,Fresno
Burson,7.25%,Calaveras
Butte City,7.25%,Glenn
Butte Meadows,7.25%,Butte
Buttonwillow,8.25%,Kern
Byron,8.75%,Contra Costa
Cabazon,7.75%,Riverside
Cabrillo,9.50%,Los Angeles
Cadiz,7.75%,San Bernardino
Calabasas Highlands,9.50%,Los Angeles
Calabasas Park,9.50%,Los Angeles
Calabasas,9.50%,Los Angeles
Calexico,8.25%,Imperial
Caliente,8.25%,Kern
California City,7.25%,Kern
California Hot Springs,7.75%,Tulare
California Valley,7.25%,San Luis Obispo
Calimesa,7.75%,Riverside
Calipatria,7.75%,Imperial
Calistoga,7.75%,Napa
Callahan,7.25%,Siskiyou
Calpella,7.88%,Mendocino
Calpine,7.25%,Sierra
Calwa,7.98%,Fresno
Camarillo,7.25%,Ventura
Cambria,7.25%,San Luis Obispo
Cambrian Park,9.13%,Santa Clara
Cameron Park,7.25%,El Dorado
Camino,7.25%,El Dorado
Camp Beale,8.25%,Yuba
Camp Connell,7.25%,Calaveras
Camp Curry,8.75%,Mariposa
Camp Kaweah,7.75%,Tulare
Camp Meeker,8.50%,Sonoma
Camp Nelson,7.75%,Tulare
Camp Pendleton,7.75%,San Diego
Camp Roberts,7.75%,Monterey
Campbell,9.38%,Santa Clara
Campo,7.75%,San Diego
Campo Seco,7.25%,Calaveras
Camptonville,8.25%,Yuba
Canby,7.25%,Modoc
Canoga Annex,9.50%,Los Angeles
Canoga Park (Los Angeles),9.50%,Los Angeles
Cantil,8.25%,Kern
Cantua Creek,7.98%,Fresno
Canyon,8.75%,Contra Costa
Canyon Country (Santa Clarita),9.50%,Los Angeles
Canyon Lake,7.75%,Riverside
Canyondam,7.25%,Plumas
Capay,7.25%,Yolo
Capistrano Beach (Dana Point),7.75%,Orange
Capitola,9.00%,Santa Cruz
Cardiff By The Sea (Encinitas),7.75%,San Diego
Cardwell,7.98%,Fresno
Carlotta,7.75%,Humboldt
Carlsbad,7.75%,San Diego
Carmel Rancho,7.75%,Monterey
Carmel Valley,7.75%,Monterey
Carmel-by-the-Sea,9.25%,Monterey
Carmichael,7.75%,Sacramento
Carnelian Bay,7.25%,Placer
Carpinteria,9.00%,Santa Barbara
Carson,10.25%,Los Angeles
Cartago,7.75%,Inyo
Caruthers,7.98%,Fresno
Casitas Springs,7.25%,Ventura
Casmalia,7.75%,Santa Barbara
Caspar,7.88%,Mendocino
Cassel,7.25%,Shasta
Castaic,9.50%,Los Angeles
Castella,7.25%,Shasta
Castle A.F.B.,7.75%,Merced
Castro Valley,10.25%,Alameda
Castroville,7.75%,Monterey
Cathedral City,8.75%,Riverside
Catheys Valley,8.75%,Mariposa
Cayucos,7.25%,San Luis Obispo
Cazadero,8.50%,Sonoma
Cecilville,7.25%,Siskiyou
Cedar,9.50%,Los Angeles
Cedar Crest,7.98%,Fresno
Cedar Glen,7.75%,San Bernardino
Cedar Ridge,7.50%,Nevada
Cedarpines Park,7.75%,San Bernardino
Cedarville,7.25%,Modoc
Central Valley,7.25%,Shasta
Century City (Los Angeles),9.50%,Los Angeles
Ceres,8.38%,Stanislaus
Cerritos,9.50%,Los Angeles
Challenge,8.25%,Yuba
Chambers Lodge,7.25%,Placer
Charter Oak,9.50%,Los Angeles
Chatsworth (Los Angeles),9.50%,Los Angeles
Cherry Valley,7.75%,Riverside
Chester,7.25%,Plumas
Chicago Park,7.50%,Nevada
Chico,8.25%,Butte
Chilcoot,7.25%,Plumas
China Lake NWC (Ridgecrest),9.25%,Kern
Chinese Camp,7.25%,Tuolumne
Chino Hills,7.75%,San Bernardino
Chino,7.75%,San Bernardino
Chiriaco Summit,7.75%,Riverside
Cholame,7.25%,San Luis Obispo
Chowchilla,8.75%,Madera
Chualar,7.75%,Monterey
Chula Vista,8.75%,San Diego
Cima,7.75%,San Bernardino
Citrus Heights,7.75%,Sacramento
City of Commerce,10.25%,Los Angeles
City of Industry,9.50%,Los Angeles
City Terrace,9.50%,Los Angeles
Claremont,9.50%,Los Angeles
Clarksburg,7.25%,Yolo
Clayton,8.75%,Contra Costa
Clear Creek,7.25%,Siskiyou
Clearlake Highlands (Clearlake),8.75%,Lake
Clearlake Oaks,7.25%,Lake
Clearlake Park (Clearlake),8.75%,Lake
Clearlake,8.75%,Lake
Clements,7.75%,San Joaquin
Clinter,7.98%,Fresno
Clio,7.25%,Plumas
Clipper Mills,7.25%,Butte
Cloverdale,8.50%,Sonoma
Clovis,7.98%,Fresno
Coachella,8.75%,Riverside
Coalinga,8.98%,Fresno
Coarsegold,7.75%,Madera
Cobb,7.25%,Lake
Cohasset,7.25%,Butte
Cole,9.50%,Los Angeles
Coleville,7.25%,Mono
Colfax,7.25%,Placer
College City,7.75%,Colusa
College Grove Center,7.75%,San Diego
Colma,9.38%,San Mateo
Coloma,7.25%,El Dorado
Colorado,8.75%,Mariposa
Colton,8.75%,San Bernardino
Columbia,7.25%,Tuolumne
Colusa,8.75%,Colusa
Commerce,10.25%,Los Angeles
Comptche,7.88%,Mendocino
Compton,10.25%,Los Angeles
Concord,9.75%,Contra Costa
Cool,7.25%,El Dorado
Copperopolis,7.25%,Calaveras
Corcoran,8.25%,Kings
Cornell,9.50%,Los Angeles
Corning,7.75%,Tehama
Corona Del Mar (Newport Beach),7.75%,Orange
Corona,8.75%,Riverside
Coronado,7.75%,San Diego
Corralitos,9.00%,Santa Cruz
Corte Madera,9.00%,Marin
Coso Junction,7.75%,Inyo
Costa Mesa,7.75%,Orange
Cotati,9.50%,Sonoma
Coto De Caza,7.75%,Orange
Cottonwood,7.25%,Shasta
Coulterville,8.75%,Mariposa
Courtland,7.75%,Sacramento
Covelo,7.88%,Mendocino
Covina,10.25%,Los Angeles
Cowan Heights,7.75%,Orange
Coyote,9.13%,Santa Clara
Crannell,7.75%,Humboldt
Crenshaw (Los Angeles),9.50%,Los Angeles
Crescent City,8.25%,Del Norte
Crescent Mills,7.25%,Plumas
Cressey,7.75%,Merced
Crest,7.75%,San Diego
Crest Park,7.75%,San Bernardino
Cresta Blanca,10.25%,Alameda
Crestline,7.75%,San Bernardino
Creston,7.25%,San Luis Obispo
Crockett,8.75%,Contra Costa
Cromberg,7.25%,Plumas
Cross Roads,7.75%,San Bernardino
Crowley Lake,7.25%,Mono
Crows Landing,7.88%,Stanislaus
Cucamonga (Rancho Cucamonga),7.75%,San Bernardino
Cudahy,10.25%,Los Angeles
Culver City,10.25%,Los Angeles
Cummings,7.88%,Mendocino
Cupertino,9.13%,Santa Clara
Curry Village,8.75%,Mariposa
Cutler,7.75%,Tulare
Cutten,7.75%,Humboldt
Cuyama,7.75%,Santa Barbara
Cypress,7.75%,Orange
Daggett,7.75%,San Bernardino
Dairy Farm,7.38%,Solano
Daly City,9.88%,San Mateo
Dana Point,7.75%,Orange
Danville,8.75%,Contra Costa
Dardanelle,7.25%,Tuolumne
Darwin,7.75%,Inyo
Davenport,9.00%,Santa Cruz
Davis (U.C. Davis campus rate is 7.25%),8.25%,Yolo
Davis Creek,7.25%,Modoc
Death Valley,7.75%,Inyo
Death Valley Junction,7.75%,Inyo
Deer Park,7.75%,Napa
Del Kern (Bakersfield),8.25%,Kern
Del Mar Heights (Morro Bay),8.75%,San Luis Obispo
Del Mar,8.75%,San Diego
Del Monte Grove (Monterey),9.25%,Monterey
Del Rey,7.98%,Fresno
Del Rey Oaks,9.25%,Monterey
Del Rosa,7.75%,San Bernardino
Del Sur,9.50%,Los Angeles
Delano,8.25%,Kern
Deleven,7.75%,Colusa
Delhi,7.75%,Merced
Denair,7.88%,Stanislaus
Denny,7.25%,Trinity
Descanso,7.75%,San Diego
Desert Center,7.75%,Riverside
Desert Hot Springs,7.75%,Riverside
Di Giorgio,8.25%,Kern
Diablo,8.75%,Contra Costa
Diamond Bar,9.50%,Los Angeles
Diamond Springs,7.25%,El Dorado
Dillon Beach,8.25%,Marin
Dinkey Creek,7.98%,Fresno
Dinuba,8.50%,Tulare
Discovery Bay,8.75%,Contra Costa
Dixon,7.38%,Solano
Dobbins,8.25%,Yuba
Dogtown,8.25%,Marin
Dollar Ranch,8.75%,Contra Costa
Dorris,7.25%,Siskiyou
Dos Palos,7.75%,Merced
Dos Rios,7.88%,Mendocino
Douglas City,7.25%,Trinity
Douglas Flat,7.25%,Calaveras
Downey,10.00%,Los Angeles
Downieville,7.25%,Sierra
Doyle,7.25%,Lassen
Drytown,7.75%,Amador
Duarte,10.25%,Los Angeles
Dublin,10.25%,Alameda
Ducor,7.75%,Tulare
Dulzura,7.75%,San Diego
Duncans Mills,8.50%,Sonoma
Dunlap,7.98%,Fresno
Dunnigan,7.25%,Yolo
Dunsmuir,7.75%,Siskiyou
Durham,7.25%,Butte
Dutch Flat,7.25%,Placer
Eagle Mountain,7.75%,Riverside
Eagle Rock (Los Angeles),9.50%,Los Angeles
Eagleville,7.25%,Modoc
Earlimart,7.75%,Tulare
Earp,7.75%,San Bernardino
East Highlands (Highland),7.75%,San Bernardino
East Irvine (Irvine),7.75%,Orange
East Los Angeles,9.50%,Los Angeles
East Lynwood (Lynwood),10.25%,Los Angeles
East Nicolaus,7.25%,Sutter
East Palo Alto,9.88%,San Mateo
East Porterville,7.75%,Tulare
East Rancho Dominguez,9.50%,Los Angeles
East San Pedro (Los Angeles),9.50%,Los Angeles
Eastgate,9.50%,Los Angeles
Easton,7.98%,Fresno
Eastside,7.75%,San Bernardino
Eastvale,7.75%,Riverside
Echo Lake,7.25%,El Dorado
Echo Park (Los Angeles),9.50%,Los Angeles
Edgemont (Moreno Valley),7.75%,Riverside
Edgewood,7.25%,Siskiyou
Edison,8.25%,Kern
Edwards,8.25%,Kern
Edwards A.F.B.,8.25%,Kern
El Cajon,8.25%,San Diego
El Centro,8.25%,Imperial
El Cerrito,10.25%,Contra Costa
El Dorado,7.25%,El Dorado
El Dorado Hills,7.25%,El Dorado
El Granada,9.38%,San Mateo
El Macero,7.25%,Yolo
El Modena,7.75%,Orange
El Monte,10.00%,Los Angeles
El Nido,7.75%,Merced
El Portal,8.75%,Mariposa
El Segundo,9.50%,Los Angeles
El Sobrante,8.75%,Contra Costa
El Toro (Lake Forest),7.75%,Orange
El Toro M.C.A.S.,7.75%,Orange
El Verano,8.50%,Sonoma
El Viejo,7.88%,Stanislaus
Eldridge,8.50%,Sonoma
Elizabeth Lake,9.50%,Los Angeles
Elk,7.88%,Mendocino
Elk Creek,7.25%,Glenn
Elk Grove,8.75%,Sacramento
Elmira,7.38%,Solano
Elmwood,10.25%,Alameda
Elverta,7.75%,Sacramento
Emerald Hills (Redwood City),9.88%,San Mateo
Emeryville,10.50%,Alameda
Emigrant Gap,7.25%,Placer
Empire,7.88%,Stanislaus
Encinitas,7.75%,San Diego
Encino (Los Angeles),9.50%,Los Angeles
Enterprise,7.25%,Shasta
Escalon,7.75%,San Joaquin
Escondido,7.75%,San Diego
Esparto,7.25%,Yolo
Essex,7.75%,San Bernardino
Etiwanda (Rancho Cucamonga),7.75%,San Bernardino
Etna,7.25%,Siskiyou
Ettersburg,7.75%,Humboldt
Eureka,9.25%,Humboldt
Exeter,8.75%,Tulare
Fair Oaks,7.75%,Sacramento
Fairfax,9.00%,Marin
Fairfield,8.38%,Solano
Fairmount,8.75%,Contra Costa
Fall River Mills,7.25%,Shasta
Fallbrook,7.75%,San Diego
Fallbrook Junction,7.75%,San Diego
Fallen Leaf,7.25%,El Dorado
Fallon,8.25%,Marin
Fancher,7.98%,Fresno
Farmersville,8.75%,Tulare
Farmington,7.75%,San Joaquin
Fawnskin,7.75%,San Bernardino
Feather Falls,7.25%,Butte
Fellows,8.25%,Kern
Felton,9.00%,Santa Cruz
Fenner,7.75%,San Bernardino
Fernbridge (Fortuna),8.50%,Humboldt
Ferndale,8.50%,Humboldt
Fiddletown,7.75%,Amador
Fields Landing,7.75%,Humboldt
Fig Garden Village (Fresno),8.35%,Fresno
Fillmore,7.25%,Ventura
Finley,7.25%,Lake
Firebaugh,7.98%,Fresno
Fish Camp,8.75%,Mariposa
Five Points,7.98%,Fresno
Flinn Springs,7.75%,San Diego
Flintridge (LaCanada/ Flintridge),9.50%,Los Angeles
Florence,9.50%,Los Angeles
Floriston,7.50%,Nevada
Flournoy,7.25%,Tehama
Folsom Prison,7.75%,Sacramento
Folsom,7.75%,Sacramento
Fontana,7.75%,San Bernardino
Foothill Ranch,7.75%,Orange
Forbestown,7.25%,Butte
Forest Camp,7.25%,Alpine
Forest Falls,7.75%,San Bernardino
Forest Glen,7.25%,Trinity
Forest Knolls,8.25%,Marin
Forest Park,9.50%,Los Angeles
Forest Ranch,7.25%,Butte
Foresthill,7.25%,Placer
Forestville,8.50%,Sonoma
Forks of Salmon,7.25%,Siskiyou
Fort Bidwell,7.25%,Modoc
Fort Bragg,8.88%,Mendocino
Fort Dick,8.25%,Del Norte
Fort Irwin,7.75%,San Bernardino
Fort Jones,7.25%,Siskiyou
Fort Ord,7.75%,Monterey
Fort Ord (Marina),9.25%,Monterey
Fort Ord (Seaside),9.25%,Monterey
Fort Seward,7.75%,Humboldt
Fortuna,8.50%,Humboldt
Foster City,9.38%,San Mateo
Fountain Valley,8.75%,Orange
Fowler,8.98%,Fresno
Frazier Park,8.25%,Kern
Freedom,9.00%,Santa Cruz
Freedom (Watsonville),9.75%,Santa Cruz
Freeport,7.75%,Sacramento
Freestone,8.50%,Sonoma
Fremont,10.25%,Alameda
French Camp,7.75%,San Joaquin
French Gulch,7.25%,Shasta
Freshwater,7.75%,Humboldt
Fresno,8.35%,Fresno
Friant,7.98%,Fresno
Friendly Valley (Santa Clarita),9.50%,Los Angeles
Frontera,7.75%,Riverside
Fullerton,7.75%,Orange
Fulton,8.50%,Sonoma
Galt,9.25%,Sacramento
Garberville,7.75%,Humboldt
Garden Grove,8.75%,Orange
Garden Valley,7.25%,El Dorado
Gardena,10.25%,Los Angeles
Garey,7.75%,Santa Barbara
Garnet,7.75%,Riverside
Gasquet,8.25%,Del Norte
Gaviota,7.75%,Santa Barbara
Gazelle,7.25%,Siskiyou
George A.F.B.,7.75%,San Bernardino
Georgetown,7.25%,El Dorado
Gerber,7.25%,Tehama
Geyserville,8.50%,Sonoma
Giant Forest,7.75%,Tulare
Gillman Hot Springs,7.75%,Riverside
Gilroy,9.13%,Santa Clara
Glassell Park (Los Angeles),9.50%,Los Angeles
Glen Avon,7.75%,Riverside
Glen Ellen,8.50%,Sonoma
Glenburn,7.25%,Shasta
Glencoe,7.25%,Calaveras
Glendale,10.25%,Los Angeles
Glendora,10.25%,Los Angeles
Glenhaven,7.25%,Lake
Glenn,7.25%,Glenn
Glennville,8.25%,Kern
Gold River,7.75%,Sacramento
Gold Run,7.25%,Placer
Golden Hills,8.25%,Kern
Goleta,7.75%,Santa Barbara
Gonzales,8.75%,Monterey
Goodyears Bar,7.25%,Sierra
Gorman,9.50%,Los Angeles
Goshen,7.75%,Tulare
Government Island,10.25%,Alameda
Graeagle,7.25%,Plumas
Granada Hills (Los Angeles),9.50%,Los Angeles
Grand Terrace,7.75%,San Bernardino
Granite Bay,7.25%,Placer
Grass Valley,8.50%,Nevada
Graton,8.50%,Sonoma
Green Valley,9.50%,Los Angeles
Green Valley Lake,7.75%,San Bernardino
Greenacres,8.25%,Kern
Greenbrae (Larkspur),9.25%,Marin
Greenfield,9.50%,Monterey
Greenview,7.25%,Siskiyou
Greenville,7.25%,Plumas
Greenwood,7.25%,El Dorado
Grenada,7.25%,Siskiyou
Gridley,7.25%,Butte
Grimes,7.75%,Colusa
Grizzly Flats,7.25%,El Dorado
Groveland,7.25%,Tuolumne
Grover Beach,8.75%,San Luis Obispo
Guadalupe,8.75%,Santa Barbara
Gualala,7.88%,Mendocino
Guasti (Ontario),8.75%,San Bernardino
Guatay,7.75%,San Diego
Guerneville,8.50%,Sonoma
Guinda,7.25%,Yolo
Gustine,8.25%,Merced
Hacienda Heights,9.50%,Los Angeles
Halcyon,7.25%,San Luis Obispo
Half Moon Bay,9.38%,San Mateo
Hamilton A.F.B. (Novato),8.50%,Marin
Hamilton City,7.25%,Glenn
Hanford,7.25%,Kings
Happy Camp,7.25%,Siskiyou
Harbison Canyon,7.75%,San Diego
Harbor City (Los Angeles),9.50%,Los Angeles
Harmony,7.25%,San Luis Obispo
Harris,7.75%,Humboldt
Hat Creek,7.25%,Shasta
Hathaway Pines,7.25%,Calaveras
Havasu Lake,7.75%,San Bernardino
Hawaiian Gardens,10.25%,Los Angeles
Hawthorne,10.25%,Los Angeles
Hayfork,7.25%,Trinity
Hayward,10.75%,Alameda
Hazard,9.50%,Los Angeles
Healdsburg,9.00%,Sonoma
Heber,7.75%,Imperial
Helena,7.25%,Trinity
Helendale,7.75%,San Bernardino
Helm,7.98%,Fresno
Hemet,8.75%,Riverside
Herald,7.75%,Sacramento
Hercules,9.25%,Contra Costa
Herlong,7.25%,Lassen
Hermosa Beach,9.50%,Los Angeles
Herndon,7.98%,Fresno
Hesperia,7.75%,San Bernardino
Heyer,10.25%,Alameda
Hickman,7.88%,Stanislaus
Hidden Hills,9.50%,Los Angeles
Highgrove,7.75%,Riverside
Highland Park (Los Angeles),9.50%,Los Angeles
Highland,7.75%,San Bernardino
Highway City (Fresno),8.35%,Fresno
Hillcrest (San Diego),7.75%,San Diego
Hillsborough,9.38%,San Mateo
Hillsdale (San Mateo),9.63%,San Mateo
Hilmar,7.75%,Merced
Hilt,7.25%,Siskiyou
Hinkley,7.75%,San Bernardino
Hobergs,7.25%,Lake
Hollister,9.25%,San Benito
Hollywood (Los Angeles),9.50%,Los Angeles
Holmes,7.75%,Humboldt
Holt,7.75%,San Joaquin
Holtville,7.75%,Imperial
Holy City,9.13%,Santa Clara
Homeland,7.75%,Riverside
Homestead,8.25%,Kern
Homestead,7.75%,Riverside
Homewood,7.25%,Placer
Honby,9.50%,Los Angeles
Honeydew,7.75%,Humboldt
Hood,7.75%,Sacramento
Hoopa,7.75%,Humboldt
Hope Valley,7.25%,Alpine
Hopland,7.88%,Mendocino
Hornbrook,7.25%,Siskiyou
Hornitos,8.75%,Mariposa
Horse Creek,7.25%,Siskiyou
Horse Lake,7.25%,Lassen
Hughson,7.88%,Stanislaus
Hume,7.98%,Fresno
Huntington,7.75%,Orange
Huntington Beach,7.75%,Orange
Huntington Lake,7.98%,Fresno
Huntington Park,10.25%,Los Angeles
Huron,8.98%,Fresno
Hyampom,7.25%,Trinity
Hyde Park (Los Angeles),9.50%,Los Angeles
Hydesville,7.75%,Humboldt
Idria,8.25%,San Benito
Idyllwild,7.75%,Riverside
Ignacio (Novato),8.50%,Marin
Igo,7.25%,Shasta
Imola (Napa),7.75%,Napa
Imperial Beach,8.75%,San Diego
Imperial,7.75%,Imperial
Independence,7.75%,Inyo
Indian Wells,7.75%,Riverside
Indio,8.75%,Riverside
Industry,9.50%,Los Angeles
Inglewood,10.00%,Los Angeles
Inverness,8.25%,Marin
Inyo,7.75%,Inyo
Inyokern,8.25%,Kern
Ione,7.75%,Amador
Iowa Hill,7.25%,Placer
Irvine,7.75%,Orange
Irwindale,10.25%,Los Angeles
Isla Vista,7.75%,Santa Barbara
Island Mountain,7.25%,Trinity
Isleton,8.75%,Sacramento
Ivanhoe,7.75%,Tulare
Ivanpah,7.75%,San Bernardino
Jackson,7.75%,Amador
Jacumba,7.75%,San Diego
Jamacha,7.75%,San Diego
Jamestown,7.25%,Tuolumne
Jamul,7.75%,San Diego
Janesville,7.25%,Lassen
Jenner,8.50%,Sonoma
Johannesburg,8.25%,Kern
Johnsondale,7.75%,Tulare
Johnstonville,7.25%,Lassen
Johnstown,7.75%,San Diego
Jolon,7.75%,Monterey
Joshua Tree,7.75%,San Bernardino
Julian,7.75%,San Diego
Junction City,7.25%,Trinity
June Lake,7.25%,Mono
Juniper,7.25%,Lassen
Jurupa Valley,7.75%,Riverside
Kagel Canyon,9.50%,Los Angeles
Kaweah,7.75%,Tulare
Keddie,7.25%,Plumas
Keeler,7.75%,Inyo
Keene,8.25%,Kern
Kelsey,7.25%,El Dorado
Kelseyville,7.25%,Lake
Kelso,7.75%,San Bernardino
Kensington,8.75%,Contra Costa
Kentfield,8.25%,Marin
Kenwood,8.50%,Sonoma
Kerman,8.98%,Fresno
Kernville,8.25%,Kern
Keswick,7.25%,Shasta
Kettleman City,7.25%,Kings
Keyes,7.88%,Stanislaus
King City,8.75%,Monterey
Kings Beach,7.25%,Placer
Kings Canyon National Park,7.75%,Tulare
Kingsburg,8.98%,Fresno
Kinyon,7.25%,Siskiyou
Kirkwood,7.25%,Alpine
Kit Carson,7.75%,Amador
Klamath,8.25%,Del Norte
Klamath River,7.25%,Siskiyou
Kneeland,7.75%,Humboldt
Knights Ferry,7.88%,Stanislaus
Knights Landing,7.25%,Yolo
Knightsen,8.75%,Contra Costa
Korbel,7.75%,Humboldt
Korbel,8.50%,Sonoma
Kyburz,7.25%,El Dorado
L.A. Airport (Los Angeles),9.50%,Los Angeles
La Canada- Flintridge,9.50%,Los Angeles
La Crescenta,9.50%,Los Angeles
La Cresta Village,8.25%,Kern
La Grange,7.88%,Stanislaus
La Habra Heights,9.50%,Los Angeles
La Habra,8.25%,Orange
La Honda,9.38%,San Mateo
La Jolla (San Diego),7.75%,San Diego
La Mesa,8.50%,San Diego
La Mirada,9.50%,Los Angeles
La Palma,8.75%,Orange
La Porte,7.25%,Plumas
La Puente,10.00%,Los Angeles
La Quinta,8.75%,Riverside
La Selva Beach,9.00%,Santa Cruz
La Verne,10.25%,Los Angeles
La Vina,9.50%,Los Angeles
Ladera,9.38%,San Mateo
Ladera Heights,9.50%,Los Angeles
Ladera Ranch,7.75%,Orange
Lafayette,8.75%,Contra Costa
Laguna Beach,7.75%,Orange
Laguna Hills,7.75%,Orange
Laguna Niguel,7.75%,Orange
Laguna Woods,7.75%,Orange
Lagunitas,8.25%,Marin
Lake Alpine,7.25%,Alpine
Lake Arrowhead,7.75%,San Bernardino
Lake City,7.25%,Modoc
Lake City,7.50%,Nevada
Lake Elsinore,8.75%,Riverside
Lake Forest,7.75%,Orange
Lake Hughes,9.50%,Los Angeles
Lake Isabella,8.25%,Kern
Lake Los Angeles,9.50%,Los Angeles
Lake Mary,7.25%,Mono
Lake San Marcos,7.75%,San Diego
Lake Shastina,7.25%,Siskiyou
Lake Sherwood,7.25%,Ventura
Lakehead,7.25%,Shasta
Lakeport,8.75%,Lake
Lakeshore,7.98%,Fresno
Lakeside,7.75%,San Diego
Lakeview,7.75%,Riverside
Lakeview Terrace (Los Angeles),9.50%,Los Angeles
Lakewood,10.25%,Los Angeles
Lamont,8.25%,Kern
Lancaster,10.25%,Los Angeles
Landers,7.75%,San Bernardino
Landscape,10.25%,Alameda
Lang,9.50%,Los Angeles
Larkfield,8.50%,Sonoma
Larkspur,9.25%,Marin
Larwin Plaza,7.38%,Solano
Lathrop,8.75%,San Joaquin
Laton,7.98%,Fresno
Lawndale,10.25%,Los Angeles
Laws,7.75%,Inyo
Laytonville,7.88%,Mendocino
Le Grand (Also Legrand),7.75%,Merced
Lebec,8.25%,Kern
Lee Vining,7.25%,Mono
Leggett,7.88%,Mendocino
Leisure World,7.75%,Orange
Leisure World (Seal Beach),8.75%,Orange
Lemon Cove,7.75%,Tulare
Lemon Grove,7.75%,San Diego
Lemoore,7.25%,Kings
Lennox,9.50%,Los Angeles
Lenwood,7.75%,San Bernardino
Leona Valley,9.50%,Los Angeles
Leucadia (Encinitas),7.75%,San Diego
Lewiston,7.25%,Trinity
Liberty Farms,7.38%,Solano
Likely,7.25%,Modoc
Lincoln Acres,7.75%,San Diego
Lincoln Heights (Los Angeles),9.50%,Los Angeles
Lincoln Village,7.75%,San Joaquin
Lincoln,7.25%,Placer
Linda,8.25%,Yuba
Linden,7.75%,San Joaquin
Lindsay,8.75%,Tulare
Linnell,7.75%,Tulare
Litchfield,7.25%,Lassen
Little Lake,7.75%,Inyo
Little Norway,7.25%,El Dorado
Little Valley,7.25%,Lassen
Littleriver,7.88%,Mendocino
Littlerock (Also Little Rock),9.50%,Los Angeles
Live Oak,9.00%,Santa Cruz
Live Oak,7.25%,Sutter
Livermore,10.25%,Alameda
Livingston,7.75%,Merced
Llano,9.50%,Los Angeles
Loch Lomond,7.25%,Lake
Locke,7.75%,Sacramento
Lockeford,7.75%,San Joaquin
Lockheed,9.00%,Santa Cruz
Lockwood,7.75%,Monterey
Lodi,8.25%,San Joaquin
Loleta,7.75%,Humboldt
Loma Linda,7.75%,San Bernardino
Loma Mar,9.38%,San Mateo
Loma Rica,8.25%,Yuba
Lomita,10.25%,Los Angeles
Lompoc,8.75%,Santa Barbara
London,7.75%,Tulare
Lone Pine,7.75%,Inyo
Long Barn,7.25%,Tuolumne
Long Beach,10.25%,Los Angeles
Longview,9.50%,Los Angeles
Lookout,7.25%,Modoc
Loomis,7.50%,Placer
Lorre Estates,9.13%,Santa Clara
Los Alamitos,9.25%,Orange
Los Alamos,7.75%,Santa Barbara
Los Altos Hills,9.13%,Santa Clara
Los Altos,9.13%,Santa Clara
Los Angeles,9.50%,Los Angeles
Los Banos,8.75%,Merced
Los Gatos,9.25%,Santa Clara
Los Molinos,7.25%,Tehama
Los Nietos,9.50%,Los Angeles
Los Olivos,7.75%,Santa Barbara
Los Osos,7.25%,San Luis Obispo
Los Padres,7.25%,San Luis Obispo
Los Serranos (Chino Hills),7.75%,San Bernardino
Lost Hills,8.25%,Kern
Lost Lake,7.75%,Riverside
Lotus,7.25%,El Dorado
Lower Lake,7.25%,Lake
Loyalton,7.25%,Sierra
Lucerne,7.25%,Lake
Lucerne Valley,7.75%,San Bernardino
Lucia,7.75%,Monterey
Ludlow,7.75%,San Bernardino
Lugo,9.50%,Los Angeles
Lynwood,10.25%,Los Angeles
Lytle Creek,7.75%,San Bernardino
Macdoel,7.25%,Siskiyou
Maclay,9.50%,Los Angeles
Mad River,7.25%,Trinity
Madeline,7.25%,Lassen
Madera,8.25%,Madera
Madison,7.25%,Yolo
Magalia,7.25%,Butte
Malaga,7.98%,Fresno
Malibu,10.00%,Los Angeles
Mammoth Lakes,7.75%,Mono
Manhattan Beach,9.50%,Los Angeles
Manteca,8.25%,San Joaquin
Manton,7.25%,Tehama
Manzanita Lake,7.25%,Shasta
Mar Vista,9.50%,Los Angeles
Marcelina,9.50%,Los Angeles
March A.F.B.,7.75%,Riverside
Mare Island (Vallejo),9.25%,Solano
Maricopa,7.25%,Kern
Marin City,8.25%,Marin
Marina Del Rey,9.50%,Los Angeles
Marina,9.25%,Monterey
Marine Corps (Twentynine Palms),7.75%,San Bernardino
Mariner,7.75%,Orange
Mariposa,8.75%,Mariposa
Markleeville,7.25%,Alpine
Marsh Manor,9.38%,San Mateo
Marshall,8.25%,Marin
Martell,7.75%,Amador
Martinez,9.75%,Contra Costa
Marysville,8.25%,Yuba
Mather,7.75%,Sacramento
Mather,7.25%,Tuolumne
Maxwell,7.75%,Colusa
Maywood,9.50%,Los Angeles
McArthur,7.25%,Shasta
McClellan,7.75%,Sacramento
McCloud,7.25%,Siskiyou
McFarland,8.25%,Kern
McKinleyville,7.75%,Humboldt
McKittrick,8.25%,Kern
Mead Valley,7.75%,Riverside
Meadow Valley,7.25%,Plumas
Meadow Vista,7.25%,Placer
Meadowbrook,7.75%,Riverside
Mecca,7.75%,Riverside
Meeks Bay,7.25%,El Dorado
Meiners Oaks,7.25%,Ventura
Mendocino,7.88%,Mendocino
Mendota,9.23%,Fresno
Menifee,8.75%,Riverside
Menlo Park,9.38%,San Mateo
Mentone,7.75%,San Bernardino
Merced,8.25%,Merced
Meridian,7.25%,Sutter
Mettler,8.25%,Kern
Meyers,7.25%,El Dorado
Mi-Wuk Village,7.25%,Tuolumne
Middletown,7.25%,Lake
Midland,7.75%,Riverside
Midpines,8.75%,Mariposa
Midway City,7.75%,Orange
Milford,7.25%,Lassen
Mill Creek,7.25%,Tehama
Mill Valley,8.25%,Marin
Millbrae,9.38%,San Mateo
Millville,7.25%,Shasta
Milpitas,9.38%,Santa Clara
Mineral,7.25%,Tehama
Mineral King,7.75%,Tulare
Mint Canyon,9.50%,Los Angeles
Mira Loma,7.75%,Riverside
Mira Vista,8.75%,Contra Costa
Miracle Hot Springs,8.25%,Kern
Miramar (San Diego),7.75%,San Diego
Miramonte,7.98%,Fresno
Miranda,7.75%,Humboldt
Mission Hills (Los Angeles),9.50%,Los Angeles
Mission Viejo,7.75%,Orange
Moccasin,7.25%,Tuolumne
Modesto,8.88%,Stanislaus
Moffett Field,9.13%,Santa Clara
Mojave,8.25%,Kern
Mokelumne Hill,7.25%,Calaveras
Monarch Beach (Dana Point),7.75%,Orange
Moneta,9.50%,Los Angeles
Mono Hot Springs,7.98%,Fresno
Mono Lake,7.25%,Mono
Monolith,8.25%,Kern
Monrovia,10.25%,Los Angeles
Monta Vista,9.13%,Santa Clara
Montague,7.25%,Siskiyou
Montalvo (Ventura),7.75%,Ventura
Montara,9.38%,San Mateo
Montclair,9.00%,San Bernardino
Monte Rio,8.50%,Sonoma
Monte Sereno,9.13%,Santa Clara
Montebello,10.25%,Los Angeles
Montecito,7.75%,Santa Barbara
Monterey Bay Academy,9.00%,Santa Cruz
Monterey Park,10.25%,Los Angeles
Monterey,9.25%,Monterey
Montgomery Creek,7.25%,Shasta
Montrose,9.50%,Los Angeles
Mooney,7.75%,Tulare
Moonridge,7.75%,San Bernardino
Moorpark,7.25%,Ventura
Moraga,9.75%,Contra Costa
Moreno Valley,7.75%,Riverside
Morgan Hill,9.13%,Santa Clara
Morongo Valley,7.75%,San Bernardino
Morro Bay,8.75%,San Luis Obispo
Morro Plaza,7.25%,San Luis Obispo
Moss Beach,9.38%,San Mateo
Moss Landing,7.75%,Monterey
Mount Hamilton,9.13%,Santa Clara
Mount Hebron,7.25%,Siskiyou
Mount Hermon,9.00%,Santa Cruz
Mount Laguna,7.75%,San Diego
Mount Shasta,7.50%,Siskiyou
Mount Wilson,9.50%,Los Angeles
Mountain Center,7.75%,Riverside
Mountain Mesa,8.25%,Kern
Mountain Pass,7.75%,San Bernardino
Mountain Ranch,7.25%,Calaveras
Mountain View,9.13%,Santa Clara
Mt. Aukum,7.25%,El Dorado
Mt. Baldy,7.75%,San Bernardino
Murphys,7.25%,Calaveras
Murrieta,8.75%,Riverside
Muscoy,7.75%,San Bernardino
Myers Flat,7.75%,Humboldt
Napa,7.75%,Napa
Naples,9.50%,Los Angeles
Nashville,7.25%,El Dorado
National City,8.75%,San Diego
Naval (Port Hueneme),8.75%,Ventura
Naval (San Diego),7.75%,San Diego
Naval Air Station (Alameda),10.75%,Alameda
Naval Air Station (Coronado),7.75%,San Diego
Naval Air Station (Lemoore),7.25%,Kings
Naval Hospital (Oakland),10.25%,Alameda
Naval Hospital (San Diego),7.75%,San Diego
Naval Supply Center (Oakland),10.25%,Alameda
Naval Training Center (San Diego),7.75%,San Diego
Navarro,7.88%,Mendocino
Needles,7.75%,San Bernardino
Nelson,7.25%,Butte
Nevada City,8.38%,Nevada
New Almaden,9.13%,Santa Clara
New Cuyama,7.75%,Santa Barbara
New Idria,8.25%,San Benito
Newark,10.75%,Alameda
Newberry,7.75%,San Bernardino
Newberry Springs,7.75%,San Bernardino
Newbury Park (Thousand Oaks),7.25%,Ventura
Newcastle,7.25%,Placer
Newhall (Santa Clarita),9.50%,Los Angeles
Newman,7.88%,Stanislaus
Newport Beach,7.75%,Orange
Nicasio,8.25%,Marin
Nice,7.25%,Lake
Nicolaus,7.25%,Sutter
Niland,7.75%,Imperial
Nipomo,7.25%,San Luis Obispo
Nipton,7.75%,San Bernardino
Norco,8.75%,Riverside
Norden,7.50%,Nevada
North Edwards,8.25%,Kern
North Fork,7.75%,Madera
North Gardena,9.50%,Los Angeles
North Highlands,7.75%,Sacramento
North Hills (Los Angeles),9.50%,Los Angeles
North Hollywood (Los Angeles),9.50%,Los Angeles
North Palm Springs,7.75%,Riverside
North San Juan,7.50%,Nevada
North Shore,7.75%,Riverside
Northridge (Los Angeles),9.50%,Los Angeles
Norton A.F.B. (San Bernardino),8.75%,San Bernardino
Norwalk,10.25%,Los Angeles
Novato,8.50%,Marin
Nubieber,7.25%,Lassen
Nuevo,7.75%,Riverside
Nyeland Acres,7.25%,Ventura
O'Brien,7.25%,Shasta
O'Neals,7.75%,Madera
Oak Park,7.25%,Ventura
Oak Run,7.25%,Shasta
Oak View,7.25%,Ventura
Oakdale,8.38%,Stanislaus
Oakhurst,7.75%,Madera
Oakland,10.25%,Alameda
Oakley,8.75%,Contra Costa
Oakville,7.75%,Napa
Oasis,7.75%,Riverside
Oban,9.50%,Los Angeles
Occidental,8.50%,Sonoma
Oceano,7.25%,San Luis Obispo
Oceanside,8.25%,San Diego
Ocotillo,7.75%,Imperial
Ocotillo Wells,7.75%,San Diego
Oildale,8.25%,Kern
Ojai,7.25%,Ventura
Olancha,7.75%,Inyo
Old Station,7.25%,Shasta
Olema,8.25%,Marin
Olinda,7.25%,Shasta
Olive View (Los Angeles),9.50%,Los Angeles
Olivehurst,8.25%,Yuba
Olivenhain (Encinitas),7.75%,San Diego
Olympic Valley,7.25%,Placer
Omo Ranch,7.25%,El Dorado
Ono,7.25%,Shasta
Ontario,8.75%,San Bernardino
Onyx,8.25%,Kern
Opal Cliffs,9.00%,Santa Cruz
Orange Cove,7.98%,Fresno
Orange,7.75%,Orange
Orangevale,7.75%,Sacramento
Orcutt,7.75%,Santa Barbara
Ordbend,7.25%,Glenn
Oregon House,8.25%,Yuba
Orick,7.75%,Humboldt
Orinda,9.75%,Contra Costa
Orland,7.75%,Glenn
Orleans,7.75%,Humboldt
Oro Grande,7.75%,San Bernardino
Orosi,7.75%,Tulare
Oroville,8.25%,Butte
Otay (Chula Vista),8.75%,San Diego
Oxnard,9.25%,Ventura
Pacheco,8.75%,Contra Costa
Pacific Grove,9.25%,Monterey
Pacific House,7.25%,El Dorado
Pacific Palisades (Los Angeles),9.50%,Los Angeles
Pacifica,9.88%,San Mateo
Pacoima (Los Angeles),9.50%,Los Angeles
Paicines,8.25%,San Benito
Pajaro,7.75%,Monterey
Pala,7.75%,San Diego
Palermo,7.25%,Butte
Pallett,9.50%,Los Angeles
Palm City,7.75%,Riverside
Palm City (San Diego),7.75%,San Diego
Palm Desert,7.75%,Riverside
Palm Springs,9.25%,Riverside
Palmdale,10.25%,Los Angeles
Palo Alto,9.13%,Santa Clara
Palo Cedro,7.25%,Shasta
Palo Verde,7.75%,Imperial
Palomar Mountain,7.75%,San Diego
Palos Verdes Estates,9.50%,Los Angeles
Palos Verdes/Peninsula,9.50%,Los Angeles
Panorama City (Los Angeles),9.50%,Los Angeles
Paradise,7.75%,Butte
Paramount,10.25%,Los Angeles
Parker Dam,7.75%,San Bernardino
Parkfield,7.75%,Monterey
Parlier,8.98%,Fresno
Pasadena,10.25%,Los Angeles
Paskenta,7.25%,Tehama
Paso Robles,8.75%,San Luis Obispo
Patterson,7.88%,Stanislaus
Patton,7.75%,San Bernardino
Pauma Valley,7.75%,San Diego
Paynes Creek,7.25%,Tehama
Pearblossom,9.50%,Los Angeles
Pearland,9.50%,Los Angeles
Pebble Beach,7.75%,Monterey
Pedley,7.75%,Riverside
Peninsula Village,7.25%,Plumas
Penn Valley,7.50%,Nevada
Penngrove,8.50%,Sonoma
Penryn,7.25%,Placer
Pepperwood,7.75%,Humboldt
Permanente,9.13%,Santa Clara
Perris,7.75%,Riverside
Perry (Whittier),10.25%,Los Angeles
Pescadero,9.38%,San Mateo
Petaluma,9.50%,Sonoma
Petrolia,7.75%,Humboldt
Phelan,7.75%,San Bernardino
Phillipsville,7.75%,Humboldt
Philo,7.88%,Mendocino
Pico Rivera,10.25%,Los Angeles
Piedmont,10.25%,Alameda
Piedra,7.98%,Fresno
Piercy,7.88%,Mendocino
Pilot Hill,7.25%,El Dorado
Pine Grove,7.75%,Amador
Pine Valley,7.75%,San Diego
Pinecrest,7.25%,Tuolumne
Pinedale (Fresno),8.35%,Fresno
Pinetree,9.50%,Los Angeles
Pinole,9.75%,Contra Costa
Pinon Hills,7.75%,San Bernardino
Pioneer,7.75%,Amador
Pioneertown,7.75%,San Bernardino
Piru,7.25%,Ventura
Pismo Beach,7.75%,San Luis Obispo
Pittsburg,9.25%,Contra Costa
Pixley,7.75%,Tulare
Placentia,8.75%,Orange
Placerville,8.25%,El Dorado
Plainview,7.75%,Tulare
Planada,7.75%,Merced
Plaster City,7.75%,Imperial
Platina,7.25%,Shasta
Playa Del Rey (Los Angeles),9.50%,Los Angeles
Pleasant Grove,7.25%,Sutter
Pleasant Hill,9.25%,Contra Costa
Pleasanton,10.25%,Alameda
Plymouth,7.75%,Amador
Point Arena,8.38%,Mendocino
Point Mugu,7.25%,Ventura
Point Reyes Station,8.25%,Marin
Pollock Pines,7.25%,El Dorado
Pomona,10.25%,Los Angeles
Pond,8.25%,Kern
Pondosa,7.25%,Siskiyou
Pope Valley,7.75%,Napa
Poplar,7.75%,Tulare
Port Costa,8.75%,Contra Costa
Port Hueneme,8.75%,Ventura
Porter Ranch (Los Angeles),9.50%,Los Angeles
Porterville,9.25%,Tulare
Portola Valley,9.38%,San Mateo
Portola,7.25%,Plumas
Portuguese Bend (Rancho Palos Verdes),9.50%,Los Angeles
Posey,7.75%,Tulare
Potrero,7.75%,San Diego
Potter Valley,7.88%,Mendocino
Poway,7.75%,San Diego
Prather,7.98%,Fresno
Presidio (San Francisco),8.63%,San Francisco
Presidio of Monterey (Monterey),9.25%,Monterey
Priest Valley,7.75%,Monterey
Princeton,7.75%,Colusa
Proberta,7.25%,Tehama
Project City,7.25%,Shasta
Prunedale,7.75%,Monterey
Pt. Dume,9.50%,Los Angeles
Pulga,7.25%,Butte
Pumpkin Center,8.25%,Kern
Quail Valley (Menifee),8.75%,Riverside
Quartz Hill,9.50%,Los Angeles
Quincy,7.25%,Plumas
Rackerby,8.25%,Yuba
Rail Road Flat,7.25%,Calaveras
Rainbow,7.75%,San Diego
Raisin City,7.98%,Fresno
Ramona,7.75%,San Diego
Ranchita,7.75%,San Diego
Rancho Bernardo (San Diego),7.75%,San Diego
Rancho California,7.75%,Riverside
Rancho Cordova,8.75%,Sacramento
Rancho Cucamonga,7.75%,San Bernardino
Rancho Dominguez,9.50%,Los Angeles
Rancho Mirage,7.75%,Riverside
Rancho Murieta,7.75%,Sacramento
Rancho Palos Verdes,9.50%,Los Angeles
Rancho Park (Los Angeles),9.50%,Los Angeles
Rancho Santa Fe,7.75%,San Diego
Rancho Santa Margarita,7.75%,Orange
Randsburg,8.25%,Kern
Ravendale,7.25%,Lassen
Ravenna,9.50%,Los Angeles
Raymond,7.75%,Madera
Red Bluff,7.50%,Tehama
Red Mountain,7.75%,San Bernardino
Red Top,7.75%,Madera
Redcrest,7.75%,Humboldt
Redding,7.25%,Shasta
Redlands,8.75%,San Bernardino
Redondo Beach,9.50%,Los Angeles
Redway,7.75%,Humboldt
Redwood City,9.88%,San Mateo
Redwood Estates,9.13%,Santa Clara
Redwood Valley,7.88%,Mendocino
Reedley,9.23%,Fresno
Refugio Beach,7.75%,Santa Barbara
Represa,7.75%,Sacramento
Requa,8.25%,Del Norte
Rescue,7.25%,El Dorado
Reseda (Los Angeles),9.50%,Los Angeles
Rheem Valley (Moraga),9.75%,Contra Costa
Rialto,7.75%,San Bernardino
Richardson Grove,7.75%,Humboldt
Richardson Springs,7.25%,Butte
Richfield,7.25%,Tehama
Richgrove,7.75%,Tulare
Richmond,9.75%,Contra Costa
Richvale,7.25%,Butte
Ridgecrest,9.25%,Kern
Rimforest,7.75%,San Bernardino
Rimpau (Los Angeles),9.50%,Los Angeles
Rio Bravo (Bakersfield),8.25%,Kern
Rio Del Mar,9.00%,Santa Cruz
Rio Dell,8.75%,Humboldt
Rio Linda,7.75%,Sacramento
Rio Nido,8.50%,Sonoma
Rio Oso,7.25%,Sutter
Rio Vista,8.13%,Solano
Ripley,7.75%,Riverside
Ripon,7.75%,San Joaquin
River Pines,7.75%,Amador
Riverbank,7.88%,Stanislaus
Riverdale,7.98%,Fresno
Riverside,8.75%,Riverside
Robbins,7.25%,Sutter
Rocklin,7.25%,Placer
Rodeo,8.75%,Contra Costa
Rohnert Park,9.00%,Sonoma
Rohnerville,7.75%,Humboldt
Rolling Hills Estates,9.50%,Los Angeles
Rolling Hills,9.50%,Los Angeles
Romoland (Menifee),8.75%,Riverside
Rosamond,8.25%,Kern
Rose Bowl (Pasadena),10.25%,Los Angeles
Roseland,8.50%,Sonoma
Rosemead,9.50%,Los Angeles
Roseville,7.75%,Placer
Ross,8.25%,Marin
Rossmoor,7.75%,Orange
Rough and Ready,7.50%,Nevada
Round Mountain,7.25%,Shasta
Rowland Heights,9.50%,Los Angeles
Royal Oaks,7.75%,Monterey
Rubidoux,7.75%,Riverside
Ruby Valley,7.75%,Humboldt
Rumsey,7.25%,Yolo
Running Springs,7.75%,San Bernardino
Ruth,7.25%,Trinity
Rutherford,7.75%,Napa
Ryde,7.75%,Sacramento
Sacramento,8.75%,Sacramento
Saint Helena,8.25%,Napa
Salida,7.88%,Stanislaus
Salinas,9.25%,Monterey
Salton City,7.75%,Imperial
Salyer,7.25%,Trinity
Samoa,7.75%,Humboldt
San Andreas,7.25%,Calaveras
San Anselmo,9.25%,Marin
San Ardo,7.75%,Monterey
San Benito,8.25%,San Benito
San Bernardino,8.75%,San Bernardino
San Bruno,9.88%,San Mateo
San Carlos (San Diego),7.75%,San Diego
San Carlos,9.38%,San Mateo
San Clemente,7.75%,Orange
San Diego,7.75%,San Diego
San Dimas,9.50%,Los Angeles
San Fernando,10.25%,Los Angeles
San Francisco,8.63%,San Francisco
San Gabriel,10.25%,Los Angeles
San Geronimo,8.25%,Marin
San Gregorio,9.38%,San Mateo
San Jacinto,8.75%,Riverside
San Joaquin,7.98%,Fresno
San Jose,9.38%,Santa Clara
San Juan Bautista,9.00%,San Benito
San Juan Capistrano,7.75%,Orange
San Juan Plaza (San Juan Capistrano),7.75%,Orange
San Leandro,10.75%,Alameda
San Lorenzo,10.25%,Alameda
San Lucas,7.75%,Monterey
San Luis Obispo,8.75%,San Luis Obispo
San Luis Rey (Oceanside),8.25%,San Diego
San Marcos,7.75%,San Diego
San Marino,9.50%,Los Angeles
San Martin,9.13%,Santa Clara
San Mateo,9.63%,San Mateo
San Miguel,7.25%,San Luis Obispo
San Pablo,9.50%,Contra Costa
San Pedro (Los Angeles),9.50%,Los Angeles
San Quentin,8.25%,Marin
San Rafael,9.25%,Marin
San Ramon,8.75%,Contra Costa
San Simeon,7.25%,San Luis Obispo
San Tomas,9.13%,Santa Clara
San Ysidro (San Diego),7.75%,San Diego
Sand City,9.25%,Monterey
Sanger,8.73%,Fresno
Santa Ana,9.25%,Orange
Santa Barbara (U.C. Santa Barbara campus rate is 7.75%),8.75%,Santa Barbara
Santa Clara,9.13%,Santa Clara
Santa Clarita,9.50%,Los Angeles
Santa Cruz,9.25%,Santa Cruz
Santa Fe Springs,10.50%,Los Angeles
Santa Margarita,7.25%,San Luis Obispo
Santa Maria,8.75%,Santa Barbara
Santa Monica,10.25%,Los Angeles
Santa Nella,7.75%,Merced
Santa Paula,8.25%,Ventura
Santa Rita Park,7.75%,Merced
Santa Rosa Valley,7.25%,Ventura
Santa Rosa,9.25%,Sonoma
Santa Ynez,7.75%,Santa Barbara
Santa Ysabel,7.75%,San Diego
Santee,7.75%,San Diego
Saratoga,9.13%,Santa Clara
Saticoy,7.25%,Ventura
Sattley,7.25%,Sierra
Saugus (Santa Clarita),9.50%,Los Angeles
Sausalito,9.25%,Marin
Sawtelle (Los Angeles),9.50%,Los Angeles
Sawyers Bar,7.25%,Siskiyou
Scotia,7.75%,Humboldt
Scott Bar,7.25%,Siskiyou
Scotts Valley,9.75%,Santa Cruz
Sea Ranch,8.50%,Sonoma
Seabright (Santa Cruz),9.25%,Santa Cruz
Seal Beach,8.75%,Orange
Seaside,9.25%,Monterey
Sebastopol,9.25%,Sonoma
Seeley,7.75%,Imperial
Seiad Valley,7.25%,Siskiyou
Selby,8.75%,Contra Costa
Selma,8.48%,Fresno
Seminole Hot Springs,9.50%,Los Angeles
Sepulveda (Los Angeles),9.50%,Los Angeles
Sequoia National Park,7.75%,Tulare
Shadow Hills (Los Angeles),9.50%,Los Angeles
Shafter,7.25%,Kern
Shandon,7.25%,San Luis Obispo
Sharpe Army Depot,7.75%,San Joaquin
Shasta,7.25%,Shasta
Shasta Lake,7.25%,Shasta
Shaver Lake,7.98%,Fresno
Sheepranch,7.25%,Calaveras
Shell Beach (Pismo Beach),7.75%,San Luis Obispo
Sheridan,7.25%,Placer
Sherman Island,7.75%,Sacramento
Sherman Oaks (Los Angeles),9.50%,Los Angeles
Sherwin Plaza,7.25%,Mono
Shingle Springs,7.25%,El Dorado
Shingletown,7.25%,Shasta
Shively,7.75%,Humboldt
Shore Acres,8.75%,Contra Costa
Shoshone,7.75%,Inyo
Sierra City,7.25%,Sierra
Sierra Madre,10.25%,Los Angeles
Sierraville,7.25%,Sierra
Signal Hill,10.25%,Los Angeles
Silver Lake,7.75%,Amador
Silverado Canyon,7.75%,Orange
Simi Valley,7.25%,Ventura
Sisquoc,7.75%,Santa Barbara
Sites,7.75%,Colusa
Sky Valley,7.75%,Riverside
Skyforest,7.75%,San Bernardino
Sleepy Valley,9.50%,Los Angeles
Sloat,7.25%,Plumas
Sloughhouse,7.75%,Sacramento
Smartsville,8.25%,Yuba
Smith River,8.25%,Del Norte
Smithflat,7.25%,El Dorado
Smoke Tree (Palm Springs),9.25%,Riverside
Smoke Tree (Twentynine Palms),7.75%,San Bernardino
Snelling,7.75%,Merced
Soda Springs,7.50%,Nevada
Solana Beach,8.75%,San Diego
Soledad,9.25%,Monterey
Solemint,9.50%,Los Angeles
Solvang,8.75%,Santa Barbara
Somerset,7.25%,El Dorado
Somes Bar,7.25%,Siskiyou
Somis,7.25%,Ventura
Sonoma,9.00%,Sonoma
Sonora,8.75%,Tuolumne
Soquel,9.00%,Santa Cruz
Soulsbyville,7.25%,Tuolumne
South Dos Palos,7.75%,Merced
South El Monte,10.25%,Los Angeles
South Fork,7.75%,Humboldt
South Gate,10.25%,Los Angeles
South Laguna (Laguna Beach),7.75%,Orange
South Lake Tahoe,8.75%,El Dorado
South Pasadena,10.25%,Los Angeles
South San Francisco,9.88%,San Mateo
South Shore (Alameda),10.75%,Alameda
South Whittier,9.50%,Los Angeles
Spanish Flat,7.75%,Napa
Spreckels,7.75%,Monterey
Spring Garden,7.25%,Plumas
Spring Valley,7.75%,San Diego
Springville,7.75%,Tulare
Spyrock,7.88%,Mendocino
Squaw Valley,7.98%,Fresno
St. Helena,8.25%,Napa
Standard,7.25%,Tuolumne
Standish,7.25%,Lassen
Stanford,9.13%,Santa Clara
Stanislaus,7.25%,Tuolumne
Stanton,8.75%,Orange
Steele Park,7.75%,Napa
Stevenson Ranch,9.50%,Los Angeles
Stevinson,7.75%,Merced
Stewarts Point,8.50%,Sonoma
Stinson Beach,8.25%,Marin
Stirling City,7.25%,Butte
Stockton,9.00%,San Joaquin
Stonyford,7.75%,Colusa
Storrie,7.25%,Plumas
Stratford,7.25%,Kings
Strathmore,7.75%,Tulare
Strawberry,7.25%,Tuolumne
Strawberry Valley,8.25%,Yuba
Studio City (Los Angeles),9.50%,Los Angeles
Sugarloaf,7.75%,San Bernardino
Suisun City,8.38%,Solano
Sulphur Springs,9.50%,Los Angeles
Sultana,7.75%,Tulare
Summerland,7.75%,Santa Barbara
Summit,7.75%,San Bernardino
Summit City,7.25%,Shasta
Sun City (Menifee),8.75%,Riverside
Sun Valley (Los Angeles),9.50%,Los Angeles
Sunland (Los Angeles),9.50%,Los Angeles
Sunnymead (Moreno Valley),7.75%,Riverside
Sunnyside,7.75%,San Diego
Sunnyvale,9.13%,Santa Clara
Sunol,10.25%,Alameda
Sunset Beach,7.75%,Orange
Sunset Whitney Ranch,7.25%,Placer
Surfside (Seal Beach),8.75%,Orange
Susanville,8.25%,Lassen
Sutter,7.25%,Sutter
Sutter Creek,7.75%,Amador
Swall Meadows (Bishop),8.75%,Inyo
Sylmar (Los Angeles),9.50%,Los Angeles
Taft,8.25%,Kern
Tagus Ranch,7.75%,Tulare
Tahoe City,7.25%,Placer
Tahoe Paradise,7.25%,El Dorado
Tahoe Valley,8.75%,El Dorado
Tahoe Vista,7.25%,Placer
Tahoma,7.25%,Placer
Talmage,7.88%,Mendocino
Tamal,8.25%,Marin
Tarzana (Los Angeles),9.50%,Los Angeles
Taylorsville,7.25%,Plumas
Tecate,7.75%,San Diego
Tecopa,7.75%,Inyo
Tehachapi,8.25%,Kern
Tehama,7.25%,Tehama
Temecula,8.75%,Riverside
Temple City,9.50%,Los Angeles
Templeton,7.25%,San Luis Obispo
Terminal Island (Los Angeles),9.50%,Los Angeles
Termo,7.25%,Lassen
Terra Bella,7.75%,Tulare
Thermal,7.75%,Riverside
Thornton,7.75%,San Joaquin
Thousand Oaks,7.25%,Ventura
Thousand Palms,7.75%,Riverside
Three Rivers,7.75%,Tulare
Tiburon,8.25%,Marin
Tierra Del Sol,7.75%,San Diego
Tierrasanta (San Diego),7.75%,San Diego
Tipton,7.75%,Tulare
Tollhouse,7.98%,Fresno
Toluca Lake (Los Angeles),9.50%,Los Angeles
Tomales,8.25%,Marin
Toms Place,7.25%,Mono
Topanga,9.50%,Los Angeles
Topanga Park,9.50%,Los Angeles
Topaz,7.25%,Mono
Torrance,10.00%,Los Angeles
Town Center,7.75%,Tulare
Trabuco Canyon,7.75%,Orange
Tracy,8.25%,San Joaquin
Tranquillity,7.98%,Fresno
Traver,7.75%,Tulare
Travis A.F.B. (Fairfield),8.38%,Solano
Tres Pinos,8.25%,San Benito
Trinidad,8.50%,Humboldt
Trinity Center,7.25%,Trinity
Trona,7.75%,San Bernardino
Trowbridge,7.25%,Sutter
Truckee,8.25%,Nevada
Tujunga (Los Angeles),9.50%,Los Angeles
Tulare,8.25%,Tulare
Tulelake,7.25%,Siskiyou
Tuolumne,7.25%,Tuolumne
Tuolumne Meadows,8.75%,Mariposa
Tupman,8.25%,Kern
Turlock,8.63%,Stanislaus
Tustin,7.75%,Orange
Twain,7.25%,Plumas
Twain Harte,7.25%,Tuolumne
Twentynine Palms,7.75%,San Bernardino
Twin Bridges,7.25%,El Dorado
Twin Peaks,7.75%,San Bernardino
Two Rock Coast Guard Station,8.50%,Sonoma
U.S. Naval Postgrad School (Monterey),9.25%,Monterey
Ukiah,8.88%,Mendocino
Union City,10.75%,Alameda
Universal City,9.50%,Los Angeles
University,7.75%,Santa Barbara
University Park (Irvine),7.75%,Orange
Upland,7.75%,San Bernardino
Upper Lake/ Upper Lake Valley,7.25%,Lake
Vacaville,8.13%,Solano
Val Verde Park,9.50%,Los Angeles
Valencia (Santa Clarita),9.50%,Los Angeles
Valinda,9.50%,Los Angeles
Vallecito,7.25%,Calaveras
Vallejo,9.25%,Solano
Valley Center,7.75%,San Diego
Valley Fair,9.13%,Santa Clara
Valley Ford,8.50%,Sonoma
Valley Home,7.88%,Stanislaus
Valley Springs,7.25%,Calaveras
Valley Village,9.50%,Los Angeles
Valyermo,9.50%,Los Angeles
Van Nuys (Los Angeles),9.50%,Los Angeles
Vandenberg A.F.B,7.75%,Santa Barbara
Vasquez Rocks,9.50%,Los Angeles
Venice (Los Angeles),9.50%,Los Angeles
Ventucopa,7.75%,Santa Barbara
Ventura,7.75%,Ventura
Verdugo City (Glendale),10.25%,Los Angeles
Vernalis,7.75%,San Joaquin
Vernon,10.25%,Los Angeles
Veteran's Hospital (Los Angeles),9.50%,Los Angeles
Victor,7.75%,San Joaquin
Victorville,8.75%,San Bernardino
Vidal,7.75%,San Bernardino
View Park,9.50%,Los Angeles
Villa Grande,8.50%,Sonoma
Villa Park,7.75%,Orange
Vina,7.25%,Tehama
Vincent,9.50%,Los Angeles
Vineburg,8.50%,Sonoma
Vinton,7.25%,Plumas
Virgilia,7.25%,Plumas
Visalia,8.50%,Tulare
Vista Park,8.25%,Kern
Vista,8.25%,San Diego
Volcano,7.75%,Amador
Volta,7.75%,Merced
Wallace,7.25%,Calaveras
Walnut Creek,9.25%,Contra Costa
Walnut Grove,7.75%,Sacramento
Walnut Park,9.50%,Los Angeles
Walnut,9.50%,Los Angeles
Warm Springs (Fremont),10.25%,Alameda
Warner Springs,7.75%,San Diego
Wasco,8.25%,Kern
Waterford,7.88%,Stanislaus
Watsonville,9.75%,Santa Cruz
Watts,9.50%,Los Angeles
Waukena,7.75%,Tulare
Wawona,8.75%,Mariposa
Weaverville,7.25%,Trinity
Weed,7.50%,Siskiyou
Weimar,7.25%,Placer
Weldon,8.25%,Kern
Wendel,7.25%,Lassen
Weott,7.75%,Humboldt
West Covina,9.50%,Los Angeles
West Hills (Los Angeles),9.50%,Los Angeles
West Hollywood,10.25%,Los Angeles
West Los Angeles (Los Angeles),9.50%,Los Angeles
West Point,7.25%,Calaveras
West Sacramento,8.25%,Yolo
Westchester (Los Angeles),9.50%,Los Angeles
Westend,7.75%,San Bernardino
Westhaven,7.75%,Humboldt
Westlake (Los Angeles),9.50%,Los Angeles
Westlake Village (Thousand Oaks),7.25%,Ventura
Westlake Village,9.50%,Los Angeles
Westley,7.88%,Stanislaus
Westminster,8.75%,Orange
Westmorland,7.75%,Imperial
Westport,7.88%,Mendocino
Westside,7.88%,Stanislaus
Westwood,7.25%,Lassen
Westwood (Los Angeles),9.50%,Los Angeles
Wheatland,7.75%,Yuba
Wheeler Ridge,8.25%,Kern
Whiskeytown,7.25%,Shasta
Whispering Pines,7.25%,Lake
White Pines,7.25%,Calaveras
Whitethorn,7.75%,Humboldt
Whitewater,7.75%,Riverside
Whitlow,7.75%,Humboldt
Whitmore,7.25%,Shasta
Whittier,10.25%,Los Angeles
Wildomar,8.75%,Riverside
Wildwood,7.25%,Shasta
Williams,8.25%,Colusa
Willits,9.13%,Mendocino
Willow Creek,7.75%,Humboldt
Willow Ranch,7.25%,Modoc
Willowbrook,9.50%,Los Angeles
Willows,7.25%,Glenn
Wilmington (Los Angeles),9.50%,Los Angeles
Wilseyville,7.25%,Calaveras
Wilsona Gardens,9.50%,Los Angeles
Wilton,7.75%,Sacramento
Winchester,7.75%,Riverside
Windsor Hills,9.50%,Los Angeles
Windsor,8.50%,Sonoma
Winnetka (Los Angeles),9.50%,Los Angeles
Winterhaven,7.75%,Imperial
Winters,7.25%,Yolo
Winton,7.75%,Merced
Wishon,7.75%,Madera
Witter Springs,7.25%,Lake
Wofford Heights,8.25%,Kern
Woodacre,8.25%,Marin
Woodbridge,7.75%,San Joaquin
Woodfords,7.25%,Alpine
Woodlake,8.75%,Tulare
Woodland Hills (Los Angeles),9.50%,Los Angeles
Woodland,8.00%,Yolo
Woodleaf,8.25%,Yuba
Woodside,9.38%,San Mateo
Woodville,7.75%,Tulare
Woody,8.25%,Kern
Wrightwood,7.75%,San Bernardino
Yankee Hill,7.25%,Butte
Yermo,7.75%,San Bernardino
Yettem,7.75%,Tulare
Yolo,7.25%,Yolo
Yorba Linda,7.75%,Orange
Yorkville,7.88%,Mendocino
Yosemite Lodge,8.75%,Mariposa
Yosemite National Park,8.75%,Mariposa
Yountville,7.75%,Napa
Yreka,7.75%,Siskiyou
Yuba City,7.25%,Sutter
Yucaipa,7.75%,San Bernardino
Yucca Valley,8.75%,San Bernardino
Zamora,7.25%,Yolo
Zenia,7.25%,Trinity